#,Task,Description,Est. Days,Assignee
Alawneh Tasks AOS and ARC,,,,
Milestone 1,,,,
1.1,Stakeholder alignment & infrastructure charter,"Workshop with sponsor and system owners to confirm JAF-CA scope as a prerequisite platform: classification boundaries, integration touchpoints, service-level expectations, and formal acceptance criteria for infrastructure handover.",4,Dr. Mohammad Alnabhan
1.2,Technical architecture & compliance baseline,"Author reference architecture for JAF-CA, JAF-SCM, audit subsystem, CRL/OCSP distribution. Map every component to JSC §4 requirements; document pre-production deviations and production hardening roadmap.",7,Yazan Abu Osbeh
1.3,Development environment & CI baseline,"Provision reproducible build/test environment: Python venv, automated pytest harness, systemd unit templates, NGINX CRL/OCSP proxy skeleton, logging standards for operational teams.",8,Yazan Abu Osbeh
Milestone 2,,,,
2.1,JAF Software Cryptographic Module (SCM),"Implement sovereign SCM: Scrypt + AES-256-GCM token storage, per-CA logical slots, PKCS#11-compatible session API, append-only audit hooks, migration path to hardware HSM.",12,Mohammad AlBalawi
2.2,CA hierarchy bootstrap (Root + 4 Issuing CAs),"Deploy Root CA (20-year profile) and four departmental Issuing CAs (Communications, InfoSys, Personnel, Intel). Certificate profiles: server TLS, personnel, device, client auth, code signing.",10,Mahmoud Qaddoura
2.3,CA storage, CLI & operator tooling,"Filesystem PKI layout, secure cert indexing, operator CLI for issuance/revocation, legacy token migration script, trust bundle export API for embedding in applications.",7,Mahmoud Qaddoura
Milestone 3,,,,
3.1,CRL publication service,"Automated 24-hour CRL rotation for Root and all Issuing CAs; departmental CRL files; NGINX distribution; systemd jaf-crl.service with SCM PIN via secured env file.",6,Mahmoud Qaddoura
3.2,OCSP responder,"HTTP OCSP responder per Issuing CA for real-time good/revoked status — critical for high-availability applications that cannot wait for CRL publication cycles.",5,Lina Khalil
3.3,Append-only audit & revocation pipeline,"SQLite audit DB with tamper triggers (no UPDATE/DELETE on audit log); revocation workflow triggers CRL regeneration; query API for compliance reporting.",5,Lina Khalil
3.4,Phase 1 acceptance package,"Certificate Policy, CPS, compliance matrix, SCM architecture, key ceremony template, automated phase1_signoff_verify.py evidence JSON, full integration test suite.",7,Mohammad AlBalawi
Milestone 4,,,,
4.1,JAF-ECC-384 curve engineering,"Prime-order curve search with Montgomery→Weierstrass pipeline, eight JSC security checks, Pari/GP cross-verification, independent audit bundle (reproduce.sh).",18,Mohammad AlBalawi
4.2,libjaf reference implementation (C),"C library: Ed448/JAF-ECC-384 keygen, ECDH, ECDSA (SHA-384), parameter sync from JSON, smoke tests, Valgrind scaffold for memory safety baseline.",10,Mohammad AlBalawi
4.3,Python & Go SDK + test vectors,"Python jaf_crypto reference; Go CGo bindings (Keygen, ECDH, Sign, Verify); sdk/test_vectors.json with 55+ cross-language KATs for application QA teams.",7,Mahmoud Qaddoura
4.4,Application integration interfaces,"Documented backend factory (jaf_scm, pkcs11, jaf_ecc384), issuance/revocation APIs, SDK packaging guide for teams embedding PKI and crypto into their systems.",5,Yazan Abu Osbeh
Milestone 5,,,,
5.1,End-to-end infrastructure validation,"Full regression: SCM, lifecycle, CRL, OCSP, crypto, SDK vectors; performance baseline; security posture review; failure-mode exercises (revocation, SCM PIN rotation).",12,Lina Khalil
5.2,Operational deployment & hardening guide,"Production deployment playbook: SCM env (/etc/jaf-ca/scm.env), network segmentation for CRL/OCSP, backup/recovery, incident response — written for infrastructure ops teams.",8,Yazan Abu Osbeh
5.3,Operator training & knowledge transfer,"Training curriculum delivery: PKI operators, IA staff, application team leads. Hands-on: issue cert, revoke, read audit, consume trust anchor in sample app.",5,Yazan Abu Osbeh
5.4,Final acceptance & project close-out,"Phase 1 + Phase 2 evidence packages; maintenance recommendations; lessons learned; sponsor sign-off session and formal handover to operations.",6,Dr. Mohammad Alnabhan
5.5,Project management & governance (spanning),"Weekly status reports, risk/issue register, change control, sponsor steering meetings, quality gate facilitation across all milestones (entire project duration).",13,Dr. Mohammad Alnabhan
